{
  "M_h": {
    "mean": 11.330670356750488,
    "std": 0.5806233286857605,
    "min": 10.025609970092773,
    "max": 14.275729179382324
  },
  "R_h": {
    "mean": 1.9881094694137573,
    "std": 0.19354084134101868,
    "min": 1.5530978441238403,
    "max": 2.9697983264923096
  },
  "V_h": {
    "mean": 2.283634901046753,
    "std": 0.27652812004089355,
    "min": 1.3115229606628418,
    "max": 3.0340261459350586
  },
  "ID": {
    "mean": 517.9368723098995,
    "std": 567.9084802907776,
    "min": 0.0,
    "max": 4811.0
  },
  "SM": {
    "mean": 8.088358879089355,
    "std": 0.7538982033729553,
    "min": 7.1118083000183105,
    "max": 11.408592224121094
  },
  "SFR": {
    "mean": 8.119322776794434,
    "std": 0.5788590312004089,
    "min": 6.379366397857666,
    "max": 10.272873878479004
  },
  "Colour": {
    "mean": 0.5264940857887268,
    "std": 0.1001448854804039,
    "min": -0.14229393005371094,
    "max": 0.7420406341552734
  },
  "SR": {
    "mean": 0.8937177658081055,
    "std": 0.19640515744686127,
    "min": 0.25530460476875305,
    "max": 1.5783154964447021
  },
  "V_max": {
    "mean": 2.092137098312378,
    "std": 0.16749775409698486,
    "min": 1.7542167901992798,
    "max": 3.015685796737671
  },
  "Omega_m": {
    "mean": 0.4302000000000001,
    "std": 5.555101561789027e-17,
    "min": 0.4302,
    "max": 0.4302
  },
  "sigma_8": {
    "mean": 0.881,
    "std": 0.0,
    "min": 0.881,
    "max": 0.881
  },
  "A_SN1": {
    "mean": 3.77899,
    "std": 0.0,
    "min": 3.77899,
    "max": 3.77899
  },
  "A_SN2": {
    "mean": 1.90396,
    "std": 0.0,
    "min": 1.90396,
    "max": 1.90396
  },
  "A_AGN1": {
    "mean": 0.8597599999999997,
    "std": 2.2220406247156107e-16,
    "min": 0.85976,
    "max": 0.85976
  },
  "A_AGN2": {
    "mean": 0.77325,
    "std": 0.0,
    "min": 0.77325,
    "max": 0.77325
  }
}