{
  "M_h": {
    "mean": 10.62486743927002,
    "std": 0.4729362428188324,
    "min": 10.003805160522461,
    "max": 13.42715072631836
  },
  "R_h": {
    "mean": 1.7528417110443115,
    "std": 0.15764488279819489,
    "min": 1.5458310842514038,
    "max": 2.686940908432007
  },
  "V_h": {
    "mean": 2.130380392074585,
    "std": 0.24783429503440857,
    "min": 1.174465298652649,
    "max": 2.6984920501708984
  },
  "ID": {
    "mean": 253.40311804008908,
    "std": 171.91823505325883,
    "min": 0.0,
    "max": 843.0
  },
  "SM": {
    "mean": 8.444818496704102,
    "std": 0.8890209197998047,
    "min": 7.093071937561035,
    "max": 12.178594589233398
  },
  "SFR": {
    "mean": 8.50546646118164,
    "std": 0.7371916770935059,
    "min": 6.690127372741699,
    "max": 10.4627046585083
  },
  "Colour": {
    "mean": 0.434366375207901,
    "std": 0.17136436700820923,
    "min": -0.34495067596435547,
    "max": 0.75439453125
  },
  "SR": {
    "mean": 0.5292544364929199,
    "std": 0.219491109251976,
    "min": 0.004078075755387545,
    "max": 1.6379497051239014
  },
  "V_max": {
    "mean": 1.7965893745422363,
    "std": 0.15946659445762634,
    "min": 1.573434829711914,
    "max": 2.750854969024658
  },
  "Omega_m": {
    "mean": 0.12579999999999997,
    "std": 2.778653555343636e-17,
    "min": 0.1258,
    "max": 0.1258
  },
  "sigma_8": {
    "mean": 0.9185999999999999,
    "std": 1.1114614221374545e-16,
    "min": 0.9186,
    "max": 0.9186
  },
  "A_SN1": {
    "mean": 0.9473699999999998,
    "std": 2.222922844274909e-16,
    "min": 0.94737,
    "max": 0.94737
  },
  "A_SN2": {
    "mean": 1.2736800000000001,
    "std": 2.222922844274909e-16,
    "min": 1.27368,
    "max": 1.27368
  },
  "A_AGN1": {
    "mean": 1.3889600000000004,
    "std": 4.445845688549818e-16,
    "min": 1.38896,
    "max": 1.38896
  },
  "A_AGN2": {
    "mean": 0.7982999999999999,
    "std": 1.1114614221374545e-16,
    "min": 0.7983,
    "max": 0.7983
  }
}