{
  "M_h": {
    "mean": 10.708977622124726,
    "std": 0.5777139840493208,
    "min": 9.159529888021202,
    "max": 13.653268004773967
  },
  "R_h": {
    "mean": -6.696243280958726,
    "std": 0.19257158335548996,
    "min": -7.212732473406364,
    "max": -5.714802462005412
  },
  "V_h": {
    "mean": 2.141820853852401,
    "std": 0.24298610649546779,
    "min": 0.8515165424580842,
    "max": 2.7507481649528964
  },
  "ID": {
    "mean": 1105.0735873850197,
    "std": 1305.4578707512997,
    "min": 0.0,
    "max": 17953.0
  },
  "SM": {
    "mean": 7.862840246160978,
    "std": 0.9922733969667719,
    "min": 6.240346249294782,
    "max": 11.630213595895551
  },
  "SFR": {
    "mean": 8.292426821544494,
    "std": 0.7025748525013196,
    "min": 6.379366329965464,
    "max": 10.718828065833952
  },
  "Colour": {
    "mean": 0.46171956181369533,
    "std": 0.13501553299184496,
    "min": -0.4855804443359375,
    "max": 0.8079395294189453
  },
  "SR": {
    "mean": 3.47084230450857,
    "std": 3.8235373298963298,
    "min": 0.0,
    "max": 32.56984329223633
  }
}