{
  "M_h": {
    "mean": 10.586249351501465,
    "std": 0.4256726801395416,
    "min": 10.003303527832031,
    "max": 12.497659683227539
  },
  "R_h": {
    "mean": 1.73996901512146,
    "std": 0.141890749335289,
    "min": 1.5456491708755493,
    "max": 2.377103567123413
  },
  "V_h": {
    "mean": 1.840723991394043,
    "std": 0.22300542891025543,
    "min": 0.3818610608577728,
    "max": 2.3880538940429688
  },
  "ID": {
    "mean": 291.1252268602541,
    "std": 180.93767063095936,
    "min": 0.0,
    "max": 776.0
  },
  "SM": {
    "mean": 8.998456001281738,
    "std": 0.8714959025382996,
    "min": 7.176236152648926,
    "max": 11.722809791564941
  },
  "SFR": {
    "mean": 8.787672996520996,
    "std": 0.7367388010025024,
    "min": 6.690127372741699,
    "max": 10.846772193908691
  },
  "Colour": {
    "mean": 0.4845987558364868,
    "std": 0.20036301016807556,
    "min": -0.4105377197265625,
    "max": 0.8291358947753906
  },
  "SR": {
    "mean": 0.24140678346157074,
    "std": 0.15153014659881592,
    "min": 0.003991595469415188,
    "max": 0.9314091205596924
  },
  "V_max": {
    "mean": 1.8630889654159546,
    "std": 0.21901053190231323,
    "min": 1.5759944915771484,
    "max": 2.9255735874176025
  },
  "Omega_m": {
    "mean": 0.11539999999999996,
    "std": 4.167119474739945e-17,
    "min": 0.1154,
    "max": 0.1154
  },
  "sigma_8": {
    "mean": 0.7641999999999999,
    "std": 1.1112318599306518e-16,
    "min": 0.7642,
    "max": 0.7642
  },
  "A_SN1": {
    "mean": 0.25104,
    "std": 0.0,
    "min": 0.25104,
    "max": 0.25104
  },
  "A_SN2": {
    "mean": 1.8062500000000001,
    "std": 2.2224637198613036e-16,
    "min": 1.80625,
    "max": 1.80625
  },
  "A_AGN1": {
    "mean": 0.61814,
    "std": 0.0,
    "min": 0.61814,
    "max": 0.61814
  },
  "A_AGN2": {
    "mean": 1.85961,
    "std": 0.0,
    "min": 1.85961,
    "max": 1.85961
  }
}