{
  "M_h": {
    "mean": 11.342266082763672,
    "std": 0.554196834564209,
    "min": 10.100234985351562,
    "max": 13.820239067077637
  },
  "R_h": {
    "mean": 1.9919747114181519,
    "std": 0.18473227322101593,
    "min": 1.5779609680175781,
    "max": 2.8179585933685303
  },
  "V_h": {
    "mean": 2.239812135696411,
    "std": 0.2652321755886078,
    "min": 1.163547158241272,
    "max": 2.841862678527832
  },
  "ID": {
    "mean": 396.9486301369863,
    "std": 422.2963899021205,
    "min": 0.0,
    "max": 3482.0
  },
  "SM": {
    "mean": 8.300610542297363,
    "std": 0.9384721517562866,
    "min": 6.989132881164551,
    "max": 11.54499626159668
  },
  "SFR": {
    "mean": 8.543000221252441,
    "std": 0.8326826691627502,
    "min": 6.690127372741699,
    "max": 11.113011360168457
  },
  "Colour": {
    "mean": 0.39628422260284424,
    "std": 0.1622464954853058,
    "min": -0.1346912384033203,
    "max": 0.7481918334960938
  },
  "SR": {
    "mean": 0.7690508365631104,
    "std": 0.19857630133628845,
    "min": 0.040692973881959915,
    "max": 1.629385232925415
  },
  "V_max": {
    "mean": 2.0792787075042725,
    "std": 0.16577604413032532,
    "min": 1.6849595308303833,
    "max": 2.8287103176116943
  },
  "Omega_m": {
    "mean": 0.343,
    "std": 0.0,
    "min": 0.343,
    "max": 0.343
  },
  "sigma_8": {
    "mean": 0.8342,
    "std": 0.0,
    "min": 0.8342,
    "max": 0.8342
  },
  "A_SN1": {
    "mean": 3.9394700000000005,
    "std": 4.444699122001748e-16,
    "min": 3.93947,
    "max": 3.93947
  },
  "A_SN2": {
    "mean": 0.7427799999999999,
    "std": 1.111174780500437e-16,
    "min": 0.74278,
    "max": 0.74278
  },
  "A_AGN1": {
    "mean": 1.428,
    "std": 0.0,
    "min": 1.428,
    "max": 1.428
  },
  "A_AGN2": {
    "mean": 1.3462999999999998,
    "std": 2.222349561000874e-16,
    "min": 1.3463,
    "max": 1.3463
  }
}