{
  "M_h": {
    "mean": 11.100591659545898,
    "std": 0.5666264295578003,
    "min": 10.00390911102295,
    "max": 13.542366027832031
  },
  "R_h": {
    "mean": 1.9114164113998413,
    "std": 0.18887591361999512,
    "min": 1.545853614807129,
    "max": 2.725355625152588
  },
  "V_h": {
    "mean": 2.214630126953125,
    "std": 0.2334350347518921,
    "min": 1.0203315019607544,
    "max": 2.7527759075164795
  },
  "ID": {
    "mean": 744.723422644771,
    "std": 656.9268980566648,
    "min": 0.0,
    "max": 4782.0
  },
  "SM": {
    "mean": 8.359050750732422,
    "std": 0.9126363396644592,
    "min": 7.104915142059326,
    "max": 11.33860969543457
  },
  "SFR": {
    "mean": 8.326393127441406,
    "std": 0.7171304821968079,
    "min": 6.379366397857666,
    "max": 11.0406494140625
  },
  "Colour": {
    "mean": 0.509833037853241,
    "std": 0.15077714622020721,
    "min": -0.3395729064941406,
    "max": 0.7908306121826172
  },
  "SR": {
    "mean": 0.7687004804611206,
    "std": 0.1991766095161438,
    "min": 0.15729570388793945,
    "max": 1.5357836484909058
  },
  "V_max": {
    "mean": 2.0286169052124023,
    "std": 0.16748018562793732,
    "min": 1.6769777536392212,
    "max": 2.7617106437683105
  },
  "Omega_m": {
    "mean": 0.39259999999999995,
    "std": 5.553515605453386e-17,
    "min": 0.3926,
    "max": 0.3926
  },
  "sigma_8": {
    "mean": 0.8966,
    "std": 0.0,
    "min": 0.8966,
    "max": 0.8966
  },
  "A_SN1": {
    "mean": 1.1281800000000004,
    "std": 4.442812484362709e-16,
    "min": 1.12818,
    "max": 1.12818
  },
  "A_SN2": {
    "mean": 1.3131199999999998,
    "std": 2.2214062421813544e-16,
    "min": 1.31312,
    "max": 1.31312
  },
  "A_AGN1": {
    "mean": 1.36604,
    "std": 0.0,
    "min": 1.36604,
    "max": 1.36604
  },
  "A_AGN2": {
    "mean": 1.8340099999999997,
    "std": 2.2214062421813544e-16,
    "min": 1.83401,
    "max": 1.83401
  }
}