{
  "M_h": {
    "mean": 10.796833038330078,
    "std": 0.5176420211791992,
    "min": 10.010801315307617,
    "max": 12.794953346252441
  },
  "R_h": {
    "mean": 1.8101634979248047,
    "std": 0.1725473254919052,
    "min": 1.5481504201889038,
    "max": 2.476196050643921
  },
  "V_h": {
    "mean": 2.068610191345215,
    "std": 0.19137676060199738,
    "min": 1.2199020385742188,
    "max": 2.5529329776763916
  },
  "ID": {
    "mean": 370.6182380216383,
    "std": 267.6650866553726,
    "min": 0.0,
    "max": 1644.0
  },
  "SM": {
    "mean": 8.451248168945312,
    "std": 0.9485344886779785,
    "min": 7.09247350692749,
    "max": 11.207046508789062
  },
  "SFR": {
    "mean": 8.511013984680176,
    "std": 0.7672318816184998,
    "min": 6.690127372741699,
    "max": 10.758637428283691
  },
  "Colour": {
    "mean": 0.4512764811515808,
    "std": 0.164265438914299,
    "min": -0.2825584411621094,
    "max": 0.8007488250732422
  },
  "SR": {
    "mean": 0.5494343042373657,
    "std": 0.2075633853673935,
    "min": 0.007741118781268597,
    "max": 1.3037834167480469
  },
  "V_max": {
    "mean": 1.8606908321380615,
    "std": 0.1711398959159851,
    "min": 1.5795023441314697,
    "max": 2.586655855178833
  },
  "Omega_m": {
    "mean": 0.17060000000000003,
    "std": 2.777704995200622e-17,
    "min": 0.1706,
    "max": 0.1706
  },
  "sigma_8": {
    "mean": 0.7914000000000002,
    "std": 2.2221639961604976e-16,
    "min": 0.7914,
    "max": 0.7914
  },
  "A_SN1": {
    "mean": 0.9113,
    "std": 0.0,
    "min": 0.9113,
    "max": 0.9113
  },
  "A_SN2": {
    "mean": 1.3481699999999999,
    "std": 2.2221639961604976e-16,
    "min": 1.34817,
    "max": 1.34817
  },
  "A_AGN1": {
    "mean": 1.47223,
    "std": 0.0,
    "min": 1.47223,
    "max": 1.47223
  },
  "A_AGN2": {
    "mean": 0.8944,
    "std": 0.0,
    "min": 0.8944,
    "max": 0.8944
  }
}