{
  "M_h": {
    "mean": 10.628911018371582,
    "std": 0.47813573479652405,
    "min": 10.000349998474121,
    "max": 12.644758224487305
  },
  "R_h": {
    "mean": 1.7541890144348145,
    "std": 0.1593780219554901,
    "min": 1.5446701049804688,
    "max": 2.426130771636963
  },
  "V_h": {
    "mean": 1.834044337272644,
    "std": 0.21628960967063904,
    "min": 1.1598095893859863,
    "max": 2.3046302795410156
  },
  "ID": {
    "mean": 180.73235294117646,
    "std": 114.6713225899825,
    "min": 0.0,
    "max": 509.0
  },
  "SM": {
    "mean": 8.918036460876465,
    "std": 1.0605381727218628,
    "min": 7.184005260467529,
    "max": 12.047322273254395
  },
  "SFR": {
    "mean": 8.870407104492188,
    "std": 0.9077090620994568,
    "min": 7.020164966583252,
    "max": 11.210850715637207
  },
  "Colour": {
    "mean": 0.3966463804244995,
    "std": 0.20125573873519897,
    "min": -0.17084503173828125,
    "max": 0.8325729370117188
  },
  "SR": {
    "mean": 0.41566798090934753,
    "std": 0.25675123929977417,
    "min": 0.035491686314344406,
    "max": 2.6755619049072266
  },
  "V_max": {
    "mean": 1.8468843698501587,
    "std": 0.2532167136669159,
    "min": 1.5597895383834839,
    "max": 2.9952077865600586
  },
  "Omega_m": {
    "mean": 0.10619999999999999,
    "std": 1.3898241448696717e-17,
    "min": 0.1062,
    "max": 0.1062
  },
  "sigma_8": {
    "mean": 0.7022000000000003,
    "std": 2.2237186317914747e-16,
    "min": 0.7022,
    "max": 0.7022
  },
  "A_SN1": {
    "mean": 0.45438999999999996,
    "std": 5.559296579478687e-17,
    "min": 0.45439,
    "max": 0.45439
  },
  "A_SN2": {
    "mean": 0.5490500000000001,
    "std": 1.1118593158957374e-16,
    "min": 0.54905,
    "max": 0.54905
  },
  "A_AGN1": {
    "mean": 1.95342,
    "std": 0.0,
    "min": 1.95342,
    "max": 1.95342
  },
  "A_AGN2": {
    "mean": 1.6054700000000002,
    "std": 2.2237186317914747e-16,
    "min": 1.60547,
    "max": 1.60547
  }
}