{
  "M_h": {
    "mean": 11.32248592376709,
    "std": 0.541806161403656,
    "min": 10.099292755126953,
    "max": 13.59148120880127
  },
  "R_h": {
    "mean": 1.9853802919387817,
    "std": 0.18060217797756195,
    "min": 1.5776402950286865,
    "max": 2.741713762283325
  },
  "V_h": {
    "mean": 2.184236526489258,
    "std": 0.2164665013551712,
    "min": 1.385722279548645,
    "max": 2.726210117340088
  },
  "ID": {
    "mean": 320.63449691991786,
    "std": 306.793059502581,
    "min": 0.0,
    "max": 2134.0
  },
  "SM": {
    "mean": 8.196465492248535,
    "std": 0.8005869388580322,
    "min": 7.168617248535156,
    "max": 11.11434555053711
  },
  "SFR": {
    "mean": 8.398517608642578,
    "std": 0.7021358013153076,
    "min": 6.690127372741699,
    "max": 10.472780227661133
  },
  "Colour": {
    "mean": 0.40441834926605225,
    "std": 0.16597747802734375,
    "min": -0.47612571716308594,
    "max": 0.7140903472900391
  },
  "SR": {
    "mean": 0.7614991664886475,
    "std": 0.2125510424375534,
    "min": 0.13126356899738312,
    "max": 1.6168010234832764
  },
  "V_max": {
    "mean": 2.0418806076049805,
    "std": 0.16243085265159607,
    "min": 1.6843804121017456,
    "max": 2.7605836391448975
  },
  "Omega_m": {
    "mean": 0.29140000000000005,
    "std": 5.556823212164083e-17,
    "min": 0.2914,
    "max": 0.2914
  },
  "sigma_8": {
    "mean": 0.7797999999999998,
    "std": 2.2227292848656333e-16,
    "min": 0.7798,
    "max": 0.7798
  },
  "A_SN1": {
    "mean": 3.9834000000000014,
    "std": 1.33363757091938e-15,
    "min": 3.9834,
    "max": 3.9834
  },
  "A_SN2": {
    "mean": 1.1383899999999996,
    "std": 4.445458569731267e-16,
    "min": 1.13839,
    "max": 1.13839
  },
  "A_AGN1": {
    "mean": 2.2815299999999996,
    "std": 4.445458569731267e-16,
    "min": 2.28153,
    "max": 2.28153
  },
  "A_AGN2": {
    "mean": 1.6278900000000005,
    "std": 4.445458569731267e-16,
    "min": 1.62789,
    "max": 1.62789
  }
}