{
  "M_h": {
    "mean": 11.207212448120117,
    "std": 0.5339671969413757,
    "min": 10.001337051391602,
    "max": 13.51901912689209
  },
  "R_h": {
    "mean": 1.9469571113586426,
    "std": 0.1779891550540924,
    "min": 1.5449990034103394,
    "max": 2.717554807662964
  },
  "V_h": {
    "mean": 2.2594261169433594,
    "std": 0.2059846669435501,
    "min": 1.249262809753418,
    "max": 2.7642903327941895
  },
  "ID": {
    "mean": 430.0204081632653,
    "std": 438.42216153066073,
    "min": 0.0,
    "max": 4701.0
  },
  "SM": {
    "mean": 8.141082763671875,
    "std": 0.769538402557373,
    "min": 7.063539505004883,
    "max": 11.046296119689941
  },
  "SFR": {
    "mean": 8.294947624206543,
    "std": 0.6755372285842896,
    "min": 6.379366397857666,
    "max": 10.715910911560059
  },
  "Colour": {
    "mean": 0.4549998939037323,
    "std": 0.1360485553741455,
    "min": -0.15828514099121094,
    "max": 0.7613716125488281
  },
  "SR": {
    "mean": 0.771581768989563,
    "std": 0.20639578998088837,
    "min": 0.19367964565753937,
    "max": 1.6003984212875366
  },
  "V_max": {
    "mean": 2.006896495819092,
    "std": 0.15904153883457184,
    "min": 1.6933141946792603,
    "max": 2.7286975383758545
  },
  "Omega_m": {
    "mean": 0.33340000000000003,
    "std": 5.555477493247462e-17,
    "min": 0.3334,
    "max": 0.3334
  },
  "sigma_8": {
    "mean": 0.6898,
    "std": 0.0,
    "min": 0.6898,
    "max": 0.6898
  },
  "A_SN1": {
    "mean": 2.5491199999999994,
    "std": 4.444381994597969e-16,
    "min": 2.54912,
    "max": 2.54912
  },
  "A_SN2": {
    "mean": 1.3745899999999998,
    "std": 2.2221909972989847e-16,
    "min": 1.37459,
    "max": 1.37459
  },
  "A_AGN1": {
    "mean": 0.7340799999999998,
    "std": 1.1110954986494923e-16,
    "min": 0.73408,
    "max": 0.73408
  },
  "A_AGN2": {
    "mean": 0.7204600000000001,
    "std": 1.1110954986494923e-16,
    "min": 0.72046,
    "max": 0.72046
  }
}