{
  "M_h": {
    "mean": 11.16833782196045,
    "std": 0.5432314276695251,
    "min": 10.012529373168945,
    "max": 13.970768928527832
  },
  "R_h": {
    "mean": 1.9339990615844727,
    "std": 0.18107737600803375,
    "min": 1.5487467050552368,
    "max": 2.8681516647338867
  },
  "V_h": {
    "mean": 2.254441499710083,
    "std": 0.2390405833721161,
    "min": 1.195719838142395,
    "max": 2.8622629642486572
  },
  "ID": {
    "mean": 538.2002472187886,
    "std": 535.9692773723765,
    "min": 0.0,
    "max": 4279.0
  },
  "SM": {
    "mean": 8.4054594039917,
    "std": 1.043727993965149,
    "min": 7.152289867401123,
    "max": 11.893497467041016
  },
  "SFR": {
    "mean": 8.557204246520996,
    "std": 0.9111219048500061,
    "min": 6.379366397857666,
    "max": 11.188204765319824
  },
  "Colour": {
    "mean": 0.4304233491420746,
    "std": 0.1623544692993164,
    "min": -0.18298721313476562,
    "max": 0.7988185882568359
  },
  "SR": {
    "mean": 0.7294787764549255,
    "std": 0.19055995345115662,
    "min": 0.11943283677101135,
    "max": 1.6471959352493286
  },
  "V_max": {
    "mean": 2.033252239227295,
    "std": 0.17484334111213684,
    "min": 1.6857885122299194,
    "max": 2.8952651023864746
  },
  "Omega_m": {
    "mean": 0.34019999999999995,
    "std": 5.554549156935898e-17,
    "min": 0.3402,
    "max": 0.3402
  },
  "sigma_8": {
    "mean": 0.7905999999999997,
    "std": 2.2218196627743593e-16,
    "min": 0.7906,
    "max": 0.7906
  },
  "A_SN1": {
    "mean": 1.9,
    "std": 0.0,
    "min": 1.9,
    "max": 1.9
  },
  "A_SN2": {
    "mean": 0.65838,
    "std": 0.0,
    "min": 0.65838,
    "max": 0.65838
  },
  "A_AGN1": {
    "mean": 0.31078999999999996,
    "std": 5.554549156935898e-17,
    "min": 0.31079,
    "max": 0.31079
  },
  "A_AGN2": {
    "mean": 1.35191,
    "std": 0.0,
    "min": 1.35191,
    "max": 1.35191
  }
}