{
  "M_h": {
    "mean": 10.650303840637207,
    "std": 0.4894963204860687,
    "min": 10.001595497131348,
    "max": 12.831401824951172
  },
  "R_h": {
    "mean": 1.7613197565078735,
    "std": 0.16316518187522888,
    "min": 1.545093059539795,
    "max": 2.488360643386841
  },
  "V_h": {
    "mean": 1.971620798110962,
    "std": 0.1974411904811859,
    "min": 0.9640355110168457,
    "max": 2.434258222579956
  },
  "ID": {
    "mean": 363.58040935672517,
    "std": 230.94685290979623,
    "min": 0.0,
    "max": 978.0
  },
  "SM": {
    "mean": 8.900921821594238,
    "std": 0.9952783584594727,
    "min": 7.223222255706787,
    "max": 11.95896053314209
  },
  "SFR": {
    "mean": 8.762842178344727,
    "std": 0.8274065256118774,
    "min": 6.690127372741699,
    "max": 10.9096097946167
  },
  "Colour": {
    "mean": 0.48311397433280945,
    "std": 0.1802797019481659,
    "min": -0.33019256591796875,
    "max": 0.8475570678710938
  },
  "SR": {
    "mean": 0.3650478422641754,
    "std": 0.17335127294063568,
    "min": 0.004484395030885935,
    "max": 1.238525152206421
  },
  "V_max": {
    "mean": 1.872369647026062,
    "std": 0.23575356602668762,
    "min": 1.5755369663238525,
    "max": 2.8673393726348877
  },
  "Omega_m": {
    "mean": 0.13579999999999998,
    "std": 2.777588705311902e-17,
    "min": 0.1358,
    "max": 0.1358
  },
  "sigma_8": {
    "mean": 0.8381999999999998,
    "std": 1.1110354821247607e-16,
    "min": 0.8382,
    "max": 0.8382
  },
  "A_SN1": {
    "mean": 0.29239999999999994,
    "std": 5.555177410623803e-17,
    "min": 0.2924,
    "max": 0.2924
  },
  "A_SN2": {
    "mean": 0.97468,
    "std": 0.0,
    "min": 0.97468,
    "max": 0.97468
  },
  "A_AGN1": {
    "mean": 0.33033,
    "std": 0.0,
    "min": 0.33033,
    "max": 0.33033
  },
  "A_AGN2": {
    "mean": 0.74898,
    "std": 0.0,
    "min": 0.74898,
    "max": 0.74898
  }
}