{
  "M_h": {
    "mean": 11.163105010986328,
    "std": 0.5240238308906555,
    "min": 10.089803695678711,
    "max": 13.252755165100098
  },
  "R_h": {
    "mean": 1.9322538375854492,
    "std": 0.17467457056045532,
    "min": 1.5744822025299072,
    "max": 2.6288013458251953
  },
  "V_h": {
    "mean": 2.1221024990081787,
    "std": 0.2553507089614868,
    "min": 1.3891445398330688,
    "max": 2.72261118888855
  },
  "ID": {
    "mean": 243.42779291553134,
    "std": 226.73592543128456,
    "min": 0.0,
    "max": 1740.0
  },
  "SM": {
    "mean": 8.164325714111328,
    "std": 0.8696132898330688,
    "min": 7.164195537567139,
    "max": 11.262187004089355
  },
  "SFR": {
    "mean": 8.532114028930664,
    "std": 0.9059556126594543,
    "min": 6.690127372741699,
    "max": 11.168529510498047
  },
  "Colour": {
    "mean": 0.3548530042171478,
    "std": 0.14886711537837982,
    "min": -0.09837913513183594,
    "max": 0.6140346527099609
  },
  "SR": {
    "mean": 0.7691218852996826,
    "std": 0.22866131365299225,
    "min": 0.10842099040746689,
    "max": 1.4716479778289795
  },
  "V_max": {
    "mean": 1.9741510152816772,
    "std": 0.1672685742378235,
    "min": 1.5926858186721802,
    "max": 2.6224238872528076
  },
  "Omega_m": {
    "mean": 0.22100000000000009,
    "std": 8.338040161223457e-17,
    "min": 0.221,
    "max": 0.221
  },
  "sigma_8": {
    "mean": 0.6486000000000001,
    "std": 1.1117386881631277e-16,
    "min": 0.6486,
    "max": 0.6486
  },
  "A_SN1": {
    "mean": 3.9944600000000015,
    "std": 1.3340864257957532e-15,
    "min": 3.99446,
    "max": 3.99446
  },
  "A_SN2": {
    "mean": 0.7469099999999999,
    "std": 1.1117386881631277e-16,
    "min": 0.74691,
    "max": 0.74691
  },
  "A_AGN1": {
    "mean": 0.8717599999999999,
    "std": 1.1117386881631277e-16,
    "min": 0.87176,
    "max": 0.87176
  },
  "A_AGN2": {
    "mean": 0.53775,
    "std": 0.0,
    "min": 0.53775,
    "max": 0.53775
  }
}