{
  "M_h": {
    "mean": 10.91942310333252,
    "std": 0.516583263874054,
    "min": 10.005760192871094,
    "max": 13.290306091308594
  },
  "R_h": {
    "mean": 1.8510268926620483,
    "std": 0.17219430208206177,
    "min": 1.5464680194854736,
    "max": 2.6413302421569824
  },
  "V_h": {
    "mean": 2.020380973815918,
    "std": 0.23121218383312225,
    "min": 1.1591821908950806,
    "max": 2.5724048614501953
  },
  "ID": {
    "mean": 220.8864265927978,
    "std": 175.4306949536412,
    "min": 0.0,
    "max": 1165.0
  },
  "SM": {
    "mean": 8.205605506896973,
    "std": 0.7890187501907349,
    "min": 7.104344844818115,
    "max": 11.423897743225098
  },
  "SFR": {
    "mean": 8.29249095916748,
    "std": 0.6725423336029053,
    "min": 6.690127372741699,
    "max": 10.598311424255371
  },
  "Colour": {
    "mean": 0.4480651617050171,
    "std": 0.12710627913475037,
    "min": -0.09813117980957031,
    "max": 0.6586284637451172
  },
  "SR": {
    "mean": 0.7323943376541138,
    "std": 0.23764295876026154,
    "min": 0.06070498749613762,
    "max": 1.4714241027832031
  },
  "V_max": {
    "mean": 1.8823661804199219,
    "std": 0.16078633069992065,
    "min": 1.5920355319976807,
    "max": 2.6386845111846924
  },
  "Omega_m": {
    "mean": 0.14860000000000004,
    "std": 2.779409829289888e-17,
    "min": 0.1486,
    "max": 0.1486
  },
  "sigma_8": {
    "mean": 0.9962,
    "std": 0.0,
    "min": 0.9962,
    "max": 0.9962
  },
  "A_SN1": {
    "mean": 3.44857,
    "std": 0.0,
    "min": 3.44857,
    "max": 3.44857
  },
  "A_SN2": {
    "mean": 1.5594100000000002,
    "std": 2.2235278634319104e-16,
    "min": 1.55941,
    "max": 1.55941
  },
  "A_AGN1": {
    "mean": 0.2875700000000001,
    "std": 1.1117639317159552e-16,
    "min": 0.28757,
    "max": 0.28757
  },
  "A_AGN2": {
    "mean": 0.7541900000000001,
    "std": 1.1117639317159552e-16,
    "min": 0.75419,
    "max": 0.75419
  }
}