{
  "M_h": {
    "mean": 11.020225524902344,
    "std": 0.5557403564453125,
    "min": 10.007061004638672,
    "max": 13.889754295349121
  },
  "R_h": {
    "mean": 1.8846274614334106,
    "std": 0.185246542096138,
    "min": 1.546911597251892,
    "max": 2.841137409210205
  },
  "V_h": {
    "mean": 2.3408114910125732,
    "std": 0.23242126405239105,
    "min": 1.2539809942245483,
    "max": 2.878310441970825
  },
  "ID": {
    "mean": 899.6425438596491,
    "std": 811.6987615161955,
    "min": 0.0,
    "max": 5031.0
  },
  "SM": {
    "mean": 8.46484088897705,
    "std": 1.0236088037490845,
    "min": 7.096090793609619,
    "max": 11.713090896606445
  },
  "SFR": {
    "mean": 8.462915420532227,
    "std": 0.843646228313446,
    "min": 6.379366397857666,
    "max": 11.351343154907227
  },
  "Colour": {
    "mean": 0.5095795392990112,
    "std": 0.14152103662490845,
    "min": -0.112823486328125,
    "max": 0.8161525726318359
  },
  "SR": {
    "mean": 0.7711506485939026,
    "std": 0.20109176635742188,
    "min": 0.03256509080529213,
    "max": 1.7908368110656738
  },
  "V_max": {
    "mean": 2.0236659049987793,
    "std": 0.17716313898563385,
    "min": 1.705043077468872,
    "max": 2.8182148933410645
  },
  "Omega_m": {
    "mean": 0.4354,
    "std": 0.0,
    "min": 0.4354,
    "max": 0.4354
  },
  "sigma_8": {
    "mean": 0.8078000000000001,
    "std": 1.1106290304988947e-16,
    "min": 0.8078,
    "max": 0.8078
  },
  "A_SN1": {
    "mean": 0.7100499999999998,
    "std": 1.1106290304988947e-16,
    "min": 0.71005,
    "max": 0.71005
  },
  "A_SN2": {
    "mean": 0.5017399999999999,
    "std": 1.1106290304988947e-16,
    "min": 0.50174,
    "max": 0.50174
  },
  "A_AGN1": {
    "mean": 1.2192600000000002,
    "std": 2.2212580609977893e-16,
    "min": 1.21926,
    "max": 1.21926
  },
  "A_AGN2": {
    "mean": 1.1687799999999997,
    "std": 2.2212580609977893e-16,
    "min": 1.16878,
    "max": 1.16878
  }
}