{
  "M_h": {
    "mean": 11.062586784362793,
    "std": 0.509446382522583,
    "min": 10.0800142288208,
    "max": 13.25195026397705
  },
  "R_h": {
    "mean": 1.8987480401992798,
    "std": 0.16981583833694458,
    "min": 1.5712321996688843,
    "max": 2.6285247802734375
  },
  "V_h": {
    "mean": 2.1405704021453857,
    "std": 0.20472776889801025,
    "min": 1.371969223022461,
    "max": 2.694645643234253
  },
  "ID": {
    "mean": 605.2288306451613,
    "std": 491.4584763345662,
    "min": 0.0,
    "max": 3571.0
  },
  "SM": {
    "mean": 8.353797912597656,
    "std": 0.8964876532554626,
    "min": 7.040038108825684,
    "max": 11.090481758117676
  },
  "SFR": {
    "mean": 8.564582824707031,
    "std": 0.7905632853507996,
    "min": 6.379366397857666,
    "max": 10.686030387878418
  },
  "Colour": {
    "mean": 0.41862910985946655,
    "std": 0.15971478819847107,
    "min": -0.21663665771484375,
    "max": 0.7684040069580078
  },
  "SR": {
    "mean": 0.6608949899673462,
    "std": 0.20745563507080078,
    "min": 0.11183492839336395,
    "max": 1.4918171167373657
  },
  "V_max": {
    "mean": 1.9641863107681274,
    "std": 0.15763597190380096,
    "min": 1.6535813808441162,
    "max": 2.6366989612579346
  },
  "Omega_m": {
    "mean": 0.32980000000000004,
    "std": 5.553915181373517e-17,
    "min": 0.3298,
    "max": 0.3298
  },
  "sigma_8": {
    "mean": 0.6121999999999999,
    "std": 1.1107830362747033e-16,
    "min": 0.6122,
    "max": 0.6122
  },
  "A_SN1": {
    "mean": 1.00417,
    "std": 0.0,
    "min": 1.00417,
    "max": 1.00417
  },
  "A_SN2": {
    "mean": 1.05922,
    "std": 0.0,
    "min": 1.05922,
    "max": 1.05922
  },
  "A_AGN1": {
    "mean": 1.4083399999999997,
    "std": 2.2215660725494067e-16,
    "min": 1.40834,
    "max": 1.40834
  },
  "A_AGN2": {
    "mean": 0.9081499999999996,
    "std": 4.443132145098813e-16,
    "min": 0.90815,
    "max": 0.90815
  }
}