{
  "M_h": {
    "mean": 10.982522964477539,
    "std": 0.5104509592056274,
    "min": 10.022276878356934,
    "max": 13.488521575927734
  },
  "R_h": {
    "mean": 1.8720606565475464,
    "std": 0.1701502501964569,
    "min": 1.5519837141036987,
    "max": 2.707387924194336
  },
  "V_h": {
    "mean": 2.104656219482422,
    "std": 0.22465258836746216,
    "min": 1.067995309829712,
    "max": 2.7807278633117676
  },
  "ID": {
    "mean": 447.7660167130919,
    "std": 369.30221942994405,
    "min": 0.0,
    "max": 2634.0
  },
  "SM": {
    "mean": 8.319225311279297,
    "std": 0.8300771713256836,
    "min": 7.03392219543457,
    "max": 11.261226654052734
  },
  "SFR": {
    "mean": 8.459562301635742,
    "std": 0.7498568296432495,
    "min": 6.379366397857666,
    "max": 10.783185005187988
  },
  "Colour": {
    "mean": 0.43328678607940674,
    "std": 0.16645967960357666,
    "min": -0.4108390808105469,
    "max": 0.7622928619384766
  },
  "SR": {
    "mean": 0.6463683843612671,
    "std": 0.20851397514343262,
    "min": 0.06861259788274765,
    "max": 1.4631105661392212
  },
  "V_max": {
    "mean": 1.9216760396957397,
    "std": 0.1577461063861847,
    "min": 1.6365407705307007,
    "max": 2.714940071105957
  },
  "Omega_m": {
    "mean": 0.24020000000000005,
    "std": 5.55498484483878e-17,
    "min": 0.2402,
    "max": 0.2402
  },
  "sigma_8": {
    "mean": 0.713,
    "std": 0.0,
    "min": 0.713,
    "max": 0.713
  },
  "A_SN1": {
    "mean": 1.3360699999999996,
    "std": 4.443987875871024e-16,
    "min": 1.33607,
    "max": 1.33607
  },
  "A_SN2": {
    "mean": 1.4230599999999998,
    "std": 2.221993937935512e-16,
    "min": 1.42306,
    "max": 1.42306
  },
  "A_AGN1": {
    "mean": 2.6062900000000004,
    "std": 4.443987875871024e-16,
    "min": 2.60629,
    "max": 2.60629
  },
  "A_AGN2": {
    "mean": 0.8322000000000002,
    "std": 1.110996968967756e-16,
    "min": 0.8322,
    "max": 0.8322
  }
}