{
  "M_h": {
    "mean": 11.15875244140625,
    "std": 0.5748059749603271,
    "min": 10.009984016418457,
    "max": 13.692620277404785
  },
  "R_h": {
    "mean": 1.9308029413223267,
    "std": 0.19160223007202148,
    "min": 1.5478777885437012,
    "max": 2.775418281555176
  },
  "V_h": {
    "mean": 2.142559051513672,
    "std": 0.2670270502567291,
    "min": 0.888666570186615,
    "max": 2.7611711025238037
  },
  "ID": {
    "mean": 189.49659863945578,
    "std": 173.72807884991627,
    "min": 0.0,
    "max": 1172.0
  },
  "SM": {
    "mean": 8.453375816345215,
    "std": 1.1062499284744263,
    "min": 7.105389595031738,
    "max": 11.957734107971191
  },
  "SFR": {
    "mean": 8.777289390563965,
    "std": 1.120373249053955,
    "min": 6.690127372741699,
    "max": 11.541004180908203
  },
  "Colour": {
    "mean": 0.35666462779045105,
    "std": 0.15499047935009003,
    "min": -0.019826889038085938,
    "max": 0.7899684906005859
  },
  "SR": {
    "mean": 0.8022744059562683,
    "std": 0.23083047568798065,
    "min": 0.0022074237931519747,
    "max": 1.6931565999984741
  },
  "V_max": {
    "mean": 1.983351469039917,
    "std": 0.20073175430297852,
    "min": 1.651145100593567,
    "max": 2.774428129196167
  },
  "Omega_m": {
    "mean": 0.17260000000000003,
    "std": 2.780289973459007e-17,
    "min": 0.1726,
    "max": 0.1726
  },
  "sigma_8": {
    "mean": 0.7922000000000001,
    "std": 1.1121159893836028e-16,
    "min": 0.7922,
    "max": 0.7922
  },
  "A_SN1": {
    "mean": 3.9613699999999996,
    "std": 4.448463957534411e-16,
    "min": 3.96137,
    "max": 3.96137
  },
  "A_SN2": {
    "mean": 0.53626,
    "std": 0.0,
    "min": 0.53626,
    "max": 0.53626
  },
  "A_AGN1": {
    "mean": 3.9176800000000007,
    "std": 8.896927915068823e-16,
    "min": 3.91768,
    "max": 3.91768
  },
  "A_AGN2": {
    "mean": 1.0874900000000003,
    "std": 2.2242319787672056e-16,
    "min": 1.08749,
    "max": 1.08749
  }
}