{
  "M_h": {
    "mean": 10.731891632080078,
    "std": 0.49711382389068604,
    "min": 10.006562232971191,
    "max": 13.394732475280762
  },
  "R_h": {
    "mean": 1.7885160446166992,
    "std": 0.1657043844461441,
    "min": 1.5467320680618286,
    "max": 2.6761233806610107
  },
  "V_h": {
    "mean": 2.056347131729126,
    "std": 0.23855485022068024,
    "min": 1.1318449974060059,
    "max": 2.687565565109253
  },
  "ID": {
    "mean": 711.524720893142,
    "std": 499.799500688815,
    "min": 0.0,
    "max": 2696.0
  },
  "SM": {
    "mean": 8.651585578918457,
    "std": 0.9879026412963867,
    "min": 6.871213912963867,
    "max": 11.727951049804688
  },
  "SFR": {
    "mean": 8.707016944885254,
    "std": 0.8769183158874512,
    "min": 6.379366397857666,
    "max": 11.539619445800781
  },
  "Colour": {
    "mean": 0.4583069980144501,
    "std": 0.1695382446050644,
    "min": -0.33432579040527344,
    "max": 0.8380050659179688
  },
  "SR": {
    "mean": 0.5147501826286316,
    "std": 0.19947507977485657,
    "min": 0.021732594817876816,
    "max": 1.362350344657898
  },
  "V_max": {
    "mean": 1.8896328210830688,
    "std": 0.19739000499248505,
    "min": 1.5893213748931885,
    "max": 2.81756854057312
  },
  "Omega_m": {
    "mean": 0.23420000000000005,
    "std": 5.553329811074706e-17,
    "min": 0.2342,
    "max": 0.2342
  },
  "sigma_8": {
    "mean": 0.6666,
    "std": 0.0,
    "min": 0.6666,
    "max": 0.6666
  },
  "A_SN1": {
    "mean": 0.25035,
    "std": 0.0,
    "min": 0.25035,
    "max": 0.25035
  },
  "A_SN2": {
    "mean": 0.50523,
    "std": 0.0,
    "min": 0.50523,
    "max": 0.50523
  },
  "A_AGN1": {
    "mean": 1.06733,
    "std": 0.0,
    "min": 1.06733,
    "max": 1.06733
  },
  "A_AGN2": {
    "mean": 0.8845400000000002,
    "std": 2.221331924429882e-16,
    "min": 0.88454,
    "max": 0.88454
  }
}