{
  "M_h": {
    "mean": 11.110231399536133,
    "std": 0.5396193861961365,
    "min": 10.052650451660156,
    "max": 13.671710014343262
  },
  "R_h": {
    "mean": 1.914629340171814,
    "std": 0.17987337708473206,
    "min": 1.5621204376220703,
    "max": 2.7684497833251953
  },
  "V_h": {
    "mean": 2.19392728805542,
    "std": 0.2509562373161316,
    "min": 0.8071786761283875,
    "max": 2.7422752380371094
  },
  "ID": {
    "mean": 609.9302564102564,
    "std": 533.301303722185,
    "min": 0.0,
    "max": 3546.0
  },
  "SM": {
    "mean": 8.382590293884277,
    "std": 0.9372251033782959,
    "min": 7.1439433097839355,
    "max": 11.349126815795898
  },
  "SFR": {
    "mean": 8.505755424499512,
    "std": 0.7843775749206543,
    "min": 6.379366397857666,
    "max": 11.012587547302246
  },
  "Colour": {
    "mean": 0.45077019929885864,
    "std": 0.16413815319538116,
    "min": -0.39117431640625,
    "max": 0.7670612335205078
  },
  "SR": {
    "mean": 0.7131975293159485,
    "std": 0.21857240796089172,
    "min": 0.04527634009718895,
    "max": 1.4850363731384277
  },
  "V_max": {
    "mean": 2.0038788318634033,
    "std": 0.16450276970863342,
    "min": 1.6608167886734009,
    "max": 2.7699084281921387
  },
  "Omega_m": {
    "mean": 0.3469999999999999,
    "std": 5.553964040492249e-17,
    "min": 0.347,
    "max": 0.347
  },
  "sigma_8": {
    "mean": 0.769,
    "std": 0.0,
    "min": 0.769,
    "max": 0.769
  },
  "A_SN1": {
    "mean": 1.2192599999999998,
    "std": 2.2215856161968996e-16,
    "min": 1.21926,
    "max": 1.21926
  },
  "A_SN2": {
    "mean": 1.0259800000000003,
    "std": 4.443171232393799e-16,
    "min": 1.02598,
    "max": 1.02598
  },
  "A_AGN1": {
    "mean": 1.1250599999999997,
    "std": 2.2215856161968996e-16,
    "min": 1.12506,
    "max": 1.12506
  },
  "A_AGN2": {
    "mean": 1.2167200000000002,
    "std": 2.2215856161968996e-16,
    "min": 1.21672,
    "max": 1.21672
  }
}