{
  "M_h": {
    "mean": 11.479814529418945,
    "std": 0.5362532734870911,
    "min": 10.106536865234375,
    "max": 13.798158645629883
  },
  "R_h": {
    "mean": 2.037823438644409,
    "std": 0.17875108122825623,
    "min": 1.5800727605819702,
    "max": 2.8106088638305664
  },
  "V_h": {
    "mean": 2.2984888553619385,
    "std": 0.22204448282718658,
    "min": 1.4392870664596558,
    "max": 2.7785751819610596
  },
  "ID": {
    "mean": 463.7852257181942,
    "std": 439.40617038901735,
    "min": 0.0,
    "max": 5109.0
  },
  "SM": {
    "mean": 8.452180862426758,
    "std": 1.0140867233276367,
    "min": 7.0501708984375,
    "max": 11.347968101501465
  },
  "SFR": {
    "mean": 8.662135124206543,
    "std": 0.9329960942268372,
    "min": 6.379366397857666,
    "max": 11.105742454528809
  },
  "Colour": {
    "mean": 0.390478253364563,
    "std": 0.1671406328678131,
    "min": -0.4393157958984375,
    "max": 0.7851791381835938
  },
  "SR": {
    "mean": 0.7754877209663391,
    "std": 0.18678417801856995,
    "min": 0.0641246810555458,
    "max": 1.4920381307601929
  },
  "V_max": {
    "mean": 2.130983352661133,
    "std": 0.164004385471344,
    "min": 1.7903900146484375,
    "max": 2.8463239669799805
  },
  "Omega_m": {
    "mean": 0.4642,
    "std": 0.0,
    "min": 0.4642,
    "max": 0.4642
  },
  "sigma_8": {
    "mean": 0.6826,
    "std": 0.0,
    "min": 0.6826,
    "max": 0.6826
  },
  "A_SN1": {
    "mean": 3.38229,
    "std": 0.0,
    "min": 3.38229,
    "max": 3.38229
  },
  "A_SN2": {
    "mean": 0.6083600000000001,
    "std": 1.1109831911124564e-16,
    "min": 0.60836,
    "max": 0.60836
  },
  "A_AGN1": {
    "mean": 2.8718900000000005,
    "std": 4.443932764449826e-16,
    "min": 2.87189,
    "max": 2.87189
  },
  "A_AGN2": {
    "mean": 1.9385800000000004,
    "std": 4.443932764449826e-16,
    "min": 1.93858,
    "max": 1.93858
  }
}