{
  "M_h": {
    "mean": 10.65064525604248,
    "std": 0.4662359058856964,
    "min": 10.008467674255371,
    "max": 12.198570251464844
  },
  "R_h": {
    "mean": 1.7614339590072632,
    "std": 0.15541183948516846,
    "min": 1.547370433807373,
    "max": 2.2774057388305664
  },
  "V_h": {
    "mean": 1.7936272621154785,
    "std": 0.2352125495672226,
    "min": 0.4259416460990906,
    "max": 2.2755961418151855
  },
  "ID": {
    "mean": 196.8515406162465,
    "std": 134.50632928231244,
    "min": 0.0,
    "max": 687.0
  },
  "SM": {
    "mean": 8.486971855163574,
    "std": 0.9070540070533752,
    "min": 7.159464359283447,
    "max": 10.910273551940918
  },
  "SFR": {
    "mean": 8.645060539245605,
    "std": 0.8900498151779175,
    "min": 6.690127372741699,
    "max": 11.548651695251465
  },
  "Colour": {
    "mean": 0.3880288600921631,
    "std": 0.1487588882446289,
    "min": -0.3189353942871094,
    "max": 0.7523250579833984
  },
  "SR": {
    "mean": 0.6145678758621216,
    "std": 0.26248353719711304,
    "min": 0.028040686622262,
    "max": 1.3112074136734009
  },
  "V_max": {
    "mean": 1.7884745597839355,
    "std": 0.15924301743507385,
    "min": 1.560498595237732,
    "max": 2.2625246047973633
  },
  "Omega_m": {
    "mean": 0.107,
    "std": 0.0,
    "min": 0.107,
    "max": 0.107
  },
  "sigma_8": {
    "mean": 0.7446,
    "std": 0.0,
    "min": 0.7446,
    "max": 0.7446
  },
  "A_SN1": {
    "mean": 1.1126500000000004,
    "std": 4.447124932583331e-16,
    "min": 1.11265,
    "max": 1.11265
  },
  "A_SN2": {
    "mean": 0.9586000000000002,
    "std": 2.2235624662916655e-16,
    "min": 0.9586,
    "max": 0.9586
  },
  "A_AGN1": {
    "mean": 1.61328,
    "std": 0.0,
    "min": 1.61328,
    "max": 1.61328
  },
  "A_AGN2": {
    "mean": 0.9572699999999998,
    "std": 1.1117812331458327e-16,
    "min": 0.95727,
    "max": 0.95727
  }
}