{
  "M_h": {
    "mean": 11.081119537353516,
    "std": 0.5567640662193298,
    "min": 10.026351928710938,
    "max": 13.900574684143066
  },
  "R_h": {
    "mean": 1.9049268960952759,
    "std": 0.18558837473392487,
    "min": 1.553324818611145,
    "max": 2.8447506427764893
  },
  "V_h": {
    "mean": 2.3525047302246094,
    "std": 0.2583598494529724,
    "min": 1.0071220397949219,
    "max": 2.9777772426605225
  },
  "ID": {
    "mean": 713.4910630291628,
    "std": 652.6931428073236,
    "min": 0.0,
    "max": 4574.0
  },
  "SM": {
    "mean": 8.27505111694336,
    "std": 0.8778925538063049,
    "min": 6.872622489929199,
    "max": 11.450766563415527
  },
  "SFR": {
    "mean": 8.248551368713379,
    "std": 0.6832761168479919,
    "min": 6.379366397857666,
    "max": 10.733285903930664
  },
  "Colour": {
    "mean": 0.5221931338310242,
    "std": 0.13367600739002228,
    "min": -0.089202880859375,
    "max": 0.7882671356201172
  },
  "SR": {
    "mean": 0.7978634834289551,
    "std": 0.20661550760269165,
    "min": 0.03160233050584793,
    "max": 1.5710526704788208
  },
  "V_max": {
    "mean": 2.0294816493988037,
    "std": 0.16403008997440338,
    "min": 1.6230676174163818,
    "max": 2.845409393310547
  },
  "Omega_m": {
    "mean": 0.41659999999999997,
    "std": 5.553728027541187e-17,
    "min": 0.4166,
    "max": 0.4166
  },
  "sigma_8": {
    "mean": 0.8870000000000003,
    "std": 3.332236816524712e-16,
    "min": 0.887,
    "max": 0.887
  },
  "A_SN1": {
    "mean": 1.2535299999999998,
    "std": 2.221491211016475e-16,
    "min": 1.25353,
    "max": 1.25353
  },
  "A_SN2": {
    "mean": 1.28788,
    "std": 0.0,
    "min": 1.28788,
    "max": 1.28788
  },
  "A_AGN1": {
    "mean": 1.5866700000000002,
    "std": 2.221491211016475e-16,
    "min": 1.58667,
    "max": 1.58667
  },
  "A_AGN2": {
    "mean": 0.85323,
    "std": 0.0,
    "min": 0.85323,
    "max": 0.85323
  }
}