{
  "M_h": {
    "mean": 10.76467227935791,
    "std": 0.4178415536880493,
    "min": 10.002693176269531,
    "max": 12.642763137817383
  },
  "R_h": {
    "mean": 1.7994441986083984,
    "std": 0.13928000628948212,
    "min": 1.5454403162002563,
    "max": 2.425480365753174
  },
  "V_h": {
    "mean": 1.771914005279541,
    "std": 0.23905567824840546,
    "min": 1.161786675453186,
    "max": 2.443021297454834
  },
  "ID": {
    "mean": 159.10071942446044,
    "std": 115.56811765783479,
    "min": 0.0,
    "max": 624.0
  },
  "SM": {
    "mean": 8.193798065185547,
    "std": 0.7211477756500244,
    "min": 7.109701156616211,
    "max": 11.122986793518066
  },
  "SFR": {
    "mean": 8.39094066619873,
    "std": 0.690915584564209,
    "min": 6.690127372741699,
    "max": 10.353361129760742
  },
  "Colour": {
    "mean": 0.3500865697860718,
    "std": 0.169778510928154,
    "min": -0.4225482940673828,
    "max": 0.5741367340087891
  },
  "SR": {
    "mean": 0.7441508173942566,
    "std": 0.27388590574264526,
    "min": 0.003224676474928856,
    "max": 1.4687023162841797
  },
  "V_max": {
    "mean": 1.8146559000015259,
    "std": 0.13388149440288544,
    "min": 1.5809916257858276,
    "max": 2.4399235248565674
  },
  "Omega_m": {
    "mean": 0.11860000000000004,
    "std": 4.170844619575093e-17,
    "min": 0.1186,
    "max": 0.1186
  },
  "sigma_8": {
    "mean": 0.669,
    "std": 0.0,
    "min": 0.669,
    "max": 0.669
  },
  "A_SN1": {
    "mean": 2.39828,
    "std": 0.0,
    "min": 2.39828,
    "max": 2.39828
  },
  "A_SN2": {
    "mean": 1.15589,
    "std": 0.0,
    "min": 1.15589,
    "max": 1.15589
  },
  "A_AGN1": {
    "mean": 0.35503000000000007,
    "std": 5.561126159433457e-17,
    "min": 0.35503,
    "max": 0.35503
  },
  "A_AGN2": {
    "mean": 1.74715,
    "std": 0.0,
    "min": 1.74715,
    "max": 1.74715
  }
}