{
  "feature_scaler": {
    "mean": [
      10.71546177177674,
      -6.694081977140202,
      2.1399915190365104
    ],
    "std": [
      0.5894359356828787,
      0.196478908465292,
      0.2413957605725903
    ]
  },
  "target_scaler": {
    "mean": [
      8.298483261534756
    ],
    "std": [
      0.711300292612867
    ]
  },
  "train_losses": [
    0.9970176219940186,
    0.994236946105957,
    0.991510272026062,
    0.9888373017311096,
    0.9862473607063293,
    0.9837512373924255,
    0.9813026785850525,
    0.9788790941238403,
    0.9764408469200134,
    0.9739881753921509,
    0.9715111255645752,
    0.969004213809967,
    0.9664620757102966,
    0.9638791084289551,
    0.9612615704536438,
    0.958609938621521,
    0.9559245109558105,
    0.9531999230384827,
    0.9504327774047852,
    0.9476212859153748,
    0.9447529315948486,
    0.9418308138847351,
    0.938852071762085,
    0.9358190894126892,
    0.9327386617660522,
    0.9296035766601562,
    0.926406979560852,
    0.9231526851654053,
    0.9198329448699951,
    0.9164459705352783,
    0.9129867553710938,
    0.9094577431678772,
    0.9058606624603271,
    0.9021982550621033,
    0.8984701633453369,
    0.8946768045425415,
    0.8908243775367737,
    0.8869085311889648,
    0.882924497127533,
    0.8788687586784363,
    0.8747459650039673,
    0.8705673813819885,
    0.8663294315338135,
    0.8620441555976868,
    0.857710599899292,
    0.8533297181129456,
    0.8489258885383606,
    0.8445093035697937,
    0.8400991559028625,
    0.8357120752334595,
    0.8313378691673279,
    0.8269761204719543,
    0.8226319551467896,
    0.8183033466339111,
    0.8139862418174744,
    0.8096809983253479,
    0.8053990006446838,
    0.8011433482170105,
    0.7969292998313904,
    0.7927651405334473,
    0.7886560559272766,
    0.7846078872680664,
    0.7806159257888794,
    0.7766924500465393,
    0.772845983505249,
    0.7690637111663818,
    0.7653481960296631,
    0.7616950273513794,
    0.7581138610839844,
    0.7546085715293884,
    0.7511784434318542,
    0.7478160262107849,
    0.7445170879364014,
    0.741277277469635,
    0.7380844354629517,
    0.7349557280540466,
    0.7318021655082703,
    0.7286866903305054,
    0.7256364226341248,
    0.7226462960243225,
    0.7197309136390686,
    0.7168999314308167,
    0.7141591310501099,
    0.7114997506141663,
    0.7089232802391052,
    0.7064347267150879,
    0.7040339708328247,
    0.7017262578010559,
    0.6995123624801636,
    0.6974011063575745,
    0.6953983902931213,
    0.693498432636261,
    0.6916964650154114,
    0.6899868249893188,
    0.6883618235588074,
    0.6868175268173218,
    0.685349702835083,
    0.6839532256126404,
    0.6826193332672119,
    0.6813370585441589,
    0.6801056861877441,
    0.6789168119430542,
    0.6777671575546265,
    0.6766486763954163,
    0.6755465865135193,
    0.6744628548622131,
    0.6733962893486023,
    0.6723434925079346,
    0.671303927898407,
    0.670272946357727,
    0.669251024723053,
    0.668238639831543,
    0.667227029800415,
    0.666215717792511,
    0.6652072668075562,
    0.6641978025436401,
    0.6631883978843689,
    0.6621782779693604,
    0.6611680388450623,
    0.6601588129997253,
    0.6591472029685974,
    0.6581339240074158,
    0.6571192145347595,
    0.6561066508293152,
    0.6550835371017456,
    0.654064416885376,
    0.6530408263206482,
    0.6520196199417114,
    0.6509932279586792,
    0.6499640941619873,
    0.6489319801330566,
    0.6478943824768066,
    0.6468514800071716,
    0.6458000540733337,
    0.6447407603263855,
    0.643671452999115,
    0.64259934425354,
    0.6415144205093384,
    0.6404190063476562,
    0.6393110156059265,
    0.6381879448890686,
    0.6370523571968079,
    0.6359049677848816,
    0.6347468495368958,
    0.6335768699645996,
    0.632394015789032,
    0.631202757358551,
    0.6299970746040344,
    0.6287795901298523,
    0.6275503039360046,
    0.6263099908828735,
    0.6250601410865784,
    0.6238056421279907,
    0.622549295425415,
    0.6212894916534424,
    0.6200206875801086,
    0.6187409162521362,
    0.6174542307853699,
    0.616155743598938,
    0.6148512363433838,
    0.6135272979736328,
    0.6121814250946045,
    0.6108264327049255,
    0.6094474196434021,
    0.6080080270767212,
    0.6065681576728821,
    0.6051356792449951,
    0.6036943197250366,
    0.6022346019744873,
    0.6007669568061829,
    0.5992804765701294,
    0.5977828502655029,
    0.5962784290313721,
    0.5947741270065308,
    0.5932644605636597,
    0.5917463302612305,
    0.5902053713798523,
    0.5886474251747131,
    0.5870807766914368,
    0.5855014324188232,
    0.5839080214500427,
    0.5823111534118652,
    0.5807175040245056,
    0.579122006893158,
    0.5775164365768433,
    0.5758926272392273,
    0.5742374062538147,
    0.5725554823875427,
    0.5708419680595398,
    0.569111168384552,
    0.5674039125442505,
    0.5657289624214172,
    0.5640696287155151,
    0.5624193549156189,
    0.5607845187187195,
    0.5591692328453064,
    0.5575785040855408,
    0.5560061931610107,
    0.554442822933197,
    0.5528948307037354,
    0.551359236240387,
    0.5498291850090027,
    0.5483101606369019,
    0.5468036532402039,
    0.5453057289123535,
    0.5438183546066284,
    0.5423473715782166,
    0.5408849120140076,
    0.539439857006073,
    0.5380110740661621,
    0.5366035103797913,
    0.5352149605751038,
    0.5338495373725891,
    0.5325057506561279,
    0.5311791896820068,
    0.5298717021942139,
    0.528588056564331,
    0.5273277163505554,
    0.5260943174362183,
    0.5248838067054749,
    0.5236973762512207,
    0.5225281119346619,
    0.521394670009613,
    0.5202905535697937,
    0.51922208070755,
    0.518187940120697,
    0.5171817541122437,
    0.516206681728363,
    0.5152685046195984,
    0.5143570899963379,
    0.5134739875793457,
    0.5126197338104248,
    0.5117899179458618,
    0.5109853148460388,
    0.5102047324180603,
    0.5094406604766846,
    0.5087003707885742,
    0.507982611656189,
    0.5072904825210571,
    0.5066179037094116,
    0.5059707760810852,
    0.5053439736366272,
    0.5047380328178406,
    0.5041556358337402,
    0.5035878419876099,
    0.5030432939529419,
    0.5025115013122559,
    0.5019949078559875,
    0.5014962553977966,
    0.5010149478912354,
    0.5005488395690918,
    0.500100314617157,
    0.4996671676635742,
    0.49924546480178833,
    0.4988303780555725,
    0.4984220266342163,
    0.49802571535110474,
    0.49763816595077515,
    0.49726492166519165,
    0.496905654668808,
    0.4965588450431824,
    0.4962272047996521,
    0.49590596556663513,
    0.4955945611000061,
    0.4952951669692993,
    0.4950037896633148,
    0.49472320079803467,
    0.49445077776908875,
    0.4941847622394562,
    0.493923157453537,
    0.4936697483062744,
    0.49342650175094604,
    0.49318990111351013,
    0.492960661649704,
    0.4927360713481903,
    0.4925127625465393,
    0.4922907054424286,
    0.4920687675476074,
    0.49185213446617126,
    0.4916437268257141,
    0.4914396107196808,
    0.4912347197532654,
    0.49102962017059326,
    0.4908270537853241,
    0.490632563829422,
    0.4904393255710602,
    0.49025577306747437,
    0.49008554220199585,
    0.4899154305458069,
    0.48974618315696716,
    0.4895768165588379,
    0.48941129446029663,
    0.48924851417541504,
    0.4890863001346588,
    0.48892104625701904,
    0.4887566864490509,
    0.4885967969894409,
    0.4884404242038727,
    0.4882837235927582,
    0.48813149333000183,
    0.4879826307296753,
    0.48783475160598755,
    0.4876959025859833,
    0.4875583052635193,
    0.4874168932437897,
    0.4872767925262451,
    0.48714205622673035,
    0.48700788617134094,
    0.4868719279766083,
    0.4867374300956726,
    0.48660731315612793,
    0.48647934198379517,
    0.4863506257534027,
    0.48622339963912964,
    0.48609718680381775,
    0.48596999049186707,
    0.4858492910861969,
    0.4857271909713745,
    0.4856035113334656,
